{"cameraMode":{"drawMode":0,"name":"Shaded","section":"Shading Mode"},"sceneLighting":false,"audioPlay":false,"sceneViewState":{"showFog":true,"showMaterialUpdate":false,"showSkybox":false,"showFlares":true,"showImageEffects":true,"showParticleSystems":true},"in2DMode":false,"pivot":{"x":0.00008670985698699951,"y":0.0408112071454525,"z":0.0010013580322265626},"rotation":{"x":-0.007802697829902172,"y":-0.04320244491100311,"z":0.0003294283524155617,"w":-0.9990528225898743},"size":2.2679362297058107,"orthographic":false}