{"cameraMode":{"drawMode":0,"name":"Shaded","section":"Shading Mode"},"sceneLighting":false,"audioPlay":false,"sceneViewState":{"showFog":true,"showMaterialUpdate":false,"showSkybox":false,"showFlares":true,"showImageEffects":true,"showParticleSystems":true},"in2DMode":false,"pivot":{"x":0.13883790373802186,"y":0.31936153769493105,"z":-0.25101813673973086},"rotation":{"x":-0.08006200194358826,"y":-0.3950161337852478,"z":0.03455398976802826,"w":-0.9145535826683044},"size":0.7499870657920837,"orthographic":false}