{"cameraMode":{"drawMode":0,"name":"Shaded","section":"Shading Mode"},"sceneLighting":false,"audioPlay":false,"sceneViewState":{"showFog":true,"showMaterialUpdate":false,"showSkybox":false,"showFlares":true,"showImageEffects":true,"showParticleSystems":true},"in2DMode":false,"pivot":{"x":-2.384185791015625e-7,"y":0.0,"z":1.1920928955078126e-7},"rotation":{"x":-0.016793711110949518,"y":-0.043197568506002429,"z":0.0007183431880548596,"w":-0.9989418387413025},"size":7.0085296630859379,"orthographic":false}